﻿<?xml version="1.0" encoding="utf-8" ?>

<!--
/********************************************************
 * ADO.NET 2.0 Data Provider for SQLite Version 3.X
 * Written by Robert Simpson (robert@blackcastlesoft.com)
 * 
 * Released to the public domain, use at your own risk!
 ********************************************************/
-->

<DocumentElement>
  <MetaDataCollections>
    <CollectionName>MetaDataCollections</CollectionName>
    <NumberOfRestrictions>0</NumberOfRestrictions>
    <NumberOfIdentifierParts>0</NumberOfIdentifierParts>
  </MetaDataCollections>
  <MetaDataCollections>
    <CollectionName>DataSourceInformation</CollectionName>
    <NumberOfRestrictions>0</NumberOfRestrictions>
    <NumberOfIdentifierParts>0</NumberOfIdentifierParts>
  </MetaDataCollections>
  <MetaDataCollections>
    <CollectionName>DataTypes</CollectionName>
    <NumberOfRestrictions>0</NumberOfRestrictions>
    <NumberOfIdentifierParts>0</NumberOfIdentifierParts>
  </MetaDataCollections>
  <MetaDataCollections>
    <CollectionName>ReservedWords</CollectionName>
    <NumberOfRestrictions>0</NumberOfRestrictions>
    <NumberOfIdentifierParts>0</NumberOfIdentifierParts>
  </MetaDataCollections>
  <MetaDataCollections>
    <CollectionName>Catalogs</CollectionName>
    <NumberOfRestrictions>1</NumberOfRestrictions>
    <NumberOfIdentifierParts>1</NumberOfIdentifierParts>
  </MetaDataCollections>
  <MetaDataCollections>
    <CollectionName>Columns</CollectionName>
    <NumberOfRestrictions>4</NumberOfRestrictions>
    <NumberOfIdentifierParts>4</NumberOfIdentifierParts>
  </MetaDataCollections>
  <MetaDataCollections>
    <CollectionName>Indexes</CollectionName>
    <NumberOfRestrictions>4</NumberOfRestrictions>
    <NumberOfIdentifierParts>3</NumberOfIdentifierParts>
  </MetaDataCollections>
  <MetaDataCollections>
    <CollectionName>IndexColumns</CollectionName>
    <NumberOfRestrictions>5</NumberOfRestrictions>
    <NumberOfIdentifierParts>4</NumberOfIdentifierParts>
  </MetaDataCollections>
  <MetaDataCollections>
    <CollectionName>Tables</CollectionName>
    <NumberOfRestrictions>4</NumberOfRestrictions>
    <NumberOfIdentifierParts>3</NumberOfIdentifierParts>
  </MetaDataCollections>
  <MetaDataCollections>
    <CollectionName>Views</CollectionName>
    <NumberOfRestrictions>3</NumberOfRestrictions>
    <NumberOfIdentifierParts>3</NumberOfIdentifierParts>
  </MetaDataCollections>
  <MetaDataCollections>
    <CollectionName>ViewColumns</CollectionName>
    <NumberOfRestrictions>4</NumberOfRestrictions>
    <NumberOfIdentifierParts>4</NumberOfIdentifierParts>
  </MetaDataCollections>
  <MetaDataCollections>
    <CollectionName>ForeignKeys</CollectionName>
    <NumberOfRestrictions>4</NumberOfRestrictions>
    <NumberOfIdentifierParts>3</NumberOfIdentifierParts>
  </MetaDataCollections>
  <MetaDataCollections>
    <CollectionName>Triggers</CollectionName>
    <NumberOfRestrictions>4</NumberOfRestrictions>
    <NumberOfIndentifierParts>3</NumberOfIndentifierParts>
  </MetaDataCollections>
</DocumentElement>
